{
  "project_info": {
    "project_number": "796806356634",
    "project_id": "g-o-v-a-fleet-solutions-r4r8o1",
    "storage_bucket": "g-o-v-a-fleet-solutions-r4r8o1.firebasestorage.app"
  },
  "client": [
    {
      "client_info": {
        "mobilesdk_app_id": "1:796806356634:android:9d22e72a4f681885a90923",
        "android_client_info": {
          "package_name": "com.triangle.gova"
        }
      },
      "oauth_client": [
        {
          "client_id": "796806356634-1fh95mo0tpk3n3fcrqupbjkmae11q4v4.apps.googleusercontent.com",
          "client_type": 1,
          "android_info": {
            "package_name": "com.triangle.gova",
            "certificate_hash": "9bbb3186b2189ef16d8f272bdab59362c395cbb4"
          }
        },
        {
          "client_id": "796806356634-gj0rejk5q5a2e9pcafbdj9ja6lk44m5b.apps.googleusercontent.com",
          "client_type": 3
        }
      ],
      "api_key": [
        {
          "current_key": "AIzaSyD7fILt4sKlmi_L5kZ800IQsZDyQQj-3tA"
        }
      ],
      "services": {
        "appinvite_service": {
          "other_platform_oauth_client": [
            {
              "client_id": "796806356634-gj0rejk5q5a2e9pcafbdj9ja6lk44m5b.apps.googleusercontent.com",
              "client_type": 3
            },
            {
              "client_id": "796806356634-becta5f1oh92all5e8drq72o7es3aq4l.apps.googleusercontent.com",
              "client_type": 2,
              "ios_info": {
                "bundle_id": "com.triangle.gova"
              }
            }
          ]
        }
      }
    },
    {
      "client_info": {
        "mobilesdk_app_id": "1:796806356634:android:7db8326396c712d6a90923",
        "android_client_info": {
          "package_name": "com.triangle.govaadmin"
        }
      },
      "oauth_client": [
        {
          "client_id": "796806356634-pg5ehlnglc0dful6407kepfl7mognpvh.apps.googleusercontent.com",
          "client_type": 1,
          "android_info": {
            "package_name": "com.triangle.govaadmin",
            "certificate_hash": "9bbb3186b2189ef16d8f272bdab59362c395cbb4"
          }
        },
        {
          "client_id": "796806356634-gj0rejk5q5a2e9pcafbdj9ja6lk44m5b.apps.googleusercontent.com",
          "client_type": 3
        }
      ],
      "api_key": [
        {
          "current_key": "AIzaSyD7fILt4sKlmi_L5kZ800IQsZDyQQj-3tA"
        }
      ],
      "services": {
        "appinvite_service": {
          "other_platform_oauth_client": [
            {
              "client_id": "796806356634-gj0rejk5q5a2e9pcafbdj9ja6lk44m5b.apps.googleusercontent.com",
              "client_type": 3
            },
            {
              "client_id": "796806356634-becta5f1oh92all5e8drq72o7es3aq4l.apps.googleusercontent.com",
              "client_type": 2,
              "ios_info": {
                "bundle_id": "com.triangle.gova"
              }
            }
          ]
        }
      }
    }
  ],
  "configuration_version": "1"
}